<?xml version="1.0" encoding="UTF-8"?>
<project-private xmlns="http://www.netbeans.org/ns/project-private/1">
    <editor-bookmarks xmlns="http://www.netbeans.org/ns/editor-bookmarks/2" lastBookmarkId="0"/>
    <open-files xmlns="http://www.netbeans.org/ns/projectui-open-files/2">
        <group>
            <file>file:/Users/inftel06/Downloads/WEB-PAGE-INFTEL--master/STB/public_html/assets/js/settings.js</file>
            <file>file:/Users/inftel06/Downloads/WEB-PAGE-INFTEL--master/STB/public_html/assets/js/searchandrender.js</file>
            <file>file:/Users/inftel06/Downloads/WEB-PAGE-INFTEL--master/STB/public_html/index.html</file>
        </group>
    </open-files>
</project-private>
